000095e39eb31f8d29ab40fed89bc5f1.jpg_0.jpg,
00116b15-7dfa-4354-91fc-e2214f3b5fe3.jpg_0.jpg,\u8d75\u5ff1\u6587\u96c6\u5377\u79bb\u5fc3\u6700\u8fd1\u7684\u6700\u6587\u5316
00116b15-7dfa-4354-91fc-e2214f3b5fe3.jpg_10.jpg,\u56fd\u8c617\uff5c
00116b15-7dfa-4354-91fc-e2214f3b5fe3.jpg_11.jpg,
00116b15-7dfa-4354-91fc-e2214f3b5fe3.jpg_12.jpg,\u66f9\u4fdd\u660e\u8457
00116b15-7dfa-4354-91fc-e2214f3b5fe3.jpg_13.jpg,\u6700\u540e\u4e00\u4e2a\u730e\u9e70\u4eba
00116b15-7dfa-4354-91fc-e2214f3b5fe3.jpg_14.jpg,-LII\u00b7\u20261=.1.
00116b15-7dfa-4354-91fc-e2214f3b5fe3.jpg_15.jpg,1|
00116b15-7dfa-4354-91fc-e2214f3b5fe3.jpg_16.jpg,      h|,
00116b15-7dfa-4354-91fc-e2214f3b5fe3.jpg_17.jpg,i
00116b15-7dfa-4354-91fc-e2214f3b5fe3.jpg_18.jpg,|!
00116b15-7dfa-4354-91fc-e2214f3b5fe3.jpg_19.jpg,
00116b15-7dfa-4354-91fc-e2214f3b5fe3.jpg_1.jpg,hal|111|111
00116b15-7dfa-4354-91fc-e2214f3b5fe3.jpg_2.jpg,\u7533\u660e\u6cb3\u8457\u4e91\u7ffb\u5929\u58a8\uff1a\u4e00\u4e2a\u8bb0\u8005
00116b15-7dfa-4354-91fc-e2214f3b5fe3.jpg_3.jpg,-in|
00116b15-7dfa-4354-91fc-e2214f3b5fe3.jpg_4.jpg,\u53f7\u5e74\u5ea6\u519c\u4e1a\u597d\u65b0\u95fb\u4f5c\u54c1\u9009\u519c\u4e1a
00116b15-7dfa-4354-91fc-e2214f3b5fe3.jpg_5.jpg,\u6297\u9707\u6551\u707e\u82f1\u6a21\u4e8b\u8ff9\u62a5\u544a
00116b15-7dfa-4354-91fc-e2214f3b5fe3.jpg_6.jpg,\u6297\u9707\u6551\u707e\u82f1\u6a21\u4e8b\u8ff9\u62a5\u544a
00116b15-7dfa-4354-91fc-e2214f3b5fe3.jpg_7.jpg,1\u610f\u89c1\u9886\u8896\u662f\u600e\u6837\u70bc\u6210\u7684
00116b15-7dfa-4354-91fc-e2214f3b5fe3.jpg_8.jpg,
00116b15-7dfa-4354-91fc-e2214f3b5fe3.jpg_9.jpg,r'1
0015f757-bd82-4d98-9414-432096b9c77a.jpg_0.jpg,
0015f757-bd82-4d98-9414-432096b9c77a.jpg_1.jpg,
0015f757-bd82-4d98-9414-432096b9c77a.jpg_2.jpg,
0015f757-bd82-4d98-9414-432096b9c77a.jpg_3.jpg,
0025819c-61e8-47b2-a93c-1a88b1b5cd46.jpg_0.jpg,
0025819c-61e8-47b2-a93c-1a88b1b5cd46.jpg_10.jpg,
0025819c-61e8-47b2-a93c-1a88b1b5cd46.jpg_11.jpg,
0025819c-61e8-47b2-a93c-1a88b1b5cd46.jpg_12.jpg,
0025819c-61e8-47b2-a93c-1a88b1b5cd46.jpg_1.jpg,
0025819c-61e8-47b2-a93c-1a88b1b5cd46.jpg_2.jpg,
0025819c-61e8-47b2-a93c-1a88b1b5cd46.jpg_3.jpg,
